Id,Original,Predicted
1461.0,169277.052498,174463.42
1462.0,187758.393989,174737.34
1463.0,183583.68357,203423.7
1464.0,179317.477511,254814.19
1465.0,150730.079977,248159.11
1466.0,177150.989247,148436.6
1468.0,175110.95652,183141.33
1469.0,162011.698832,206449.69
1470.0,160726.247831,120970.78
1471.0,157933.279456,110692.305
1472.0,145291.24502,102172.52
1473.0,159672.017632,102196.305
1474.0,164167.518302,107361.78
1475.0,150891.638244,101061.86
1476.0,179460.965187,395862.25
1477.0,185034.628914,395532.8
1478.0,182352.192645,372351.22
1479.0,183053.458214,314881.38
1480.0,187823.339254,852163.56
1481.0,186544.114328,397504.88
1482.0,158230.775205,271188.8
1483.0,190552.829321,258269.19
1484.0,147183.674872,179760.81
1485.0,185855.300905,221705.22
1486.0,174350.470677,199916.7
1487.0,201740.620691,341547.94
1488.0,162986.378896,320628.25
1489.0,162330.199086,400624.06
1490.0,165845.938617,274181.47
1491.0,180929.622877,234976.53
1492.0,163481.50152,96120.71
1493.0,187798.076714,115406.47
1494.0,198822.198943,331558.4
1495.0,194868.4099,307274.3
1496.0,152605.298564,242619.6
1497.0,147797.702837,241395.9
1498.0,150521.968993,115612.68
1499.0,146991.630154,148642.0
1500.0,150306.307815,187048.28
1503.0,156214.042541,415374.34
1504.0,171992.760735,269871.22
1505.0,173214.91255,262127.77
1507.0,190878.695085,289736.44
1509.0,191849.439073,175800.73
1510.0,176363.773908,238163.23
1511.0,176954.185412,168686.48
1512.0,176521.216976,213277.11
1515.0,175502.918109,99053.19
1516.0,188321.073834,166354.03
1517.0,163276.32445,185849.47
1518.0,185911.366293,156293.92
1519.0,171392.830997,259917.77
1521.0,179682.709604,174888.88
1522.0,179423.751582,261583.36
1523.0,171756.918092,108428.51
1524.0,166849.638174,182355.31
1525.0,181122.168677,165354.39
1526.0,170934.462747,125145.72
1527.0,159738.29258,63716.062
1528.0,174445.759558,153492.23
1529.0,174706.36366,250740.23
1530.0,164507.672539,174896.05
1531.0,163602.512173,122938.266
1533.0,171104.853481,223001.5
1534.0,167735.392705,66049.25
1535.0,183003.613338,209992.19
1537.0,165407.889105,17454.088
1538.0,176363.773908,165646.06
1539.0,175182.950899,138124.25
1541.0,167186.995772,148506.55
1542.0,167839.376779,61364.902
1544.0,154034.917446,71345.13
1545.0,156002.955794,92266.99
1546.0,168173.943299,97980.07
1547.0,168882.437104,99267.1
1548.0,168173.943299,225131.08
1549.0,157580.177552,116364.76
1550.0,181922.15256,94772.83
1551.0,155134.227843,233871.67
1552.0,188885.57332,60765.832
1554.0,161298.762306,57304.52
1555.0,188613.667631,173228.94
1556.0,175080.111823,87774.67
1558.0,168175.911337,138645.28
1560.0,158307.206742,68503.6
1562.0,175031.089987,194843.27
1563.0,160713.294603,210654.5
1565.0,191736.759805,120264.73
1567.0,164626.57788,163846.81
1569.0,209561.784212,83265.15
1570.0,182271.503072,155065.8
1571.0,178081.549428,97879.11
1572.0,178425.956139,170729.28
1573.0,162015.318512,179163.67
1575.0,156705.730169,162154.6
1576.0,182902.420342,350549.0
1577.0,157574.595395,281914.56
1578.0,184380.739101,131248.69
1579.0,169364.469226,115421.875
1581.0,189673.295302,152591.42
1582.0,174401.317716,163505.12
1583.0,179021.448719,423503.84
1584.0,189196.845337,286317.75
1586.0,161468.198289,66733.56
1587.0,171557.323179,70776.484
1588.0,179447.368042,125790.305
1589.0,169611.619018,50453.57
1590.0,172088.872656,171567.89
1592.0,154850.508362,71372.15
1596.0,194631.1003,158285.8
1597.0,213618.871563,158346.03
1598.0,198342.504229,298401.88
1599.0,138607.971472,141826.81
1600.0,150778.958977,117248.79
1601.0,146966.23034,64301.465
1602.0,162182.59621,58004.23
1603.0,176825.940961,52812.246
1604.0,152799.812402,231814.11
1605.0,180322.322067,350040.22
1606.0,177508.027228,167815.84
1608.0,181987.28251,324477.34
1609.0,160172.727974,369169.7
1610.0,176761.317654,280590.34
1611.0,176515.497545,135114.02
1612.0,176270.453065,246519.75
1614.0,150011.102062,154423.7
1617.0,163399.983346,101961.88
1618.0,173364.161506,98174.25
1619.0,169556.835902,243849.94
1620.0,183690.595996,90987.555
1621.0,176980.914909,153934.66
1622.0,204773.362225,102658.54
1623.0,174728.655998,312226.0
1624.0,181873.458244,182941.8
1625.0,177322.000824,204333.84
1626.0,193927.939042,202109.36
1627.0,181715.622732,219517.8
1629.0,177109.589956,145304.0
1630.0,153909.578271,641717.5
1631.0,162931.203336,303941.6
1632.0,166386.756718,356718.53
1633.0,173719.303798,157152.44
1634.0,179757.925657,165674.19
1636.0,180370.808623,135070.86
1637.0,185102.616731,224567.98
1639.0,184294.576009,183241.25
1641.0,181294.784484,151950.58
1642.0,174354.336268,164342.58
1646.0,178324.191576,204541.69
1647.0,184534.676688,186910.25
1650.0,177743.799386,106281.23
1651.0,179395.305519,93144.73
1652.0,151713.384748,97250.78
1653.0,151713.384748,116817.97
1654.0,168434.977996,94293.21
1655.0,153999.100311,140869.45
1656.0,164096.097354,91309.96
1657.0,166335.403037,99727.69
1658.0,163020.725376,80366.56
1659.0,155862.510669,140408.34
1661.0,201912.270623,679647.06
1662.0,185988.233988,454038.4
1663.0,183778.44888,536900.06
1664.0,170935.859218,1279613.9
1665.0,184468.908382,272348.38
1666.0,191569.089663,493201.5
1667.0,232991.025584,473198.97
1668.0,180980.721388,316328.2
1669.0,164279.130482,351735.8
1670.0,183859.460411,405106.9
1671.0,185922.465682,426275.47
1672.0,191742.778119,827976.06
1673.0,199954.072466,368379.1
1674.0,180690.274753,282230.9
1675.0,163099.309636,286281.16
1676.0,140791.922472,227624.16
1677.0,166481.866476,327580.66
1678.0,172080.434497,493343.56
1679.0,191719.161659,628986.94
1680.0,160741.098613,323121.4
1681.0,157829.546855,261699.39
1682.0,196896.748596,474333.5
1683.0,159675.42399,229736.1
1684.0,182084.790902,208759.78
1685.0,179233.926374,154616.0
1686.0,155774.270902,149763.25
1687.0,181354.326716,206434.14
1688.0,179605.563664,167303.38
1689.0,181609.348661,163055.25
1693.0,178630.06056,191670.17
1694.0,177174.535222,160477.11
1695.0,172515.687369,207891.97
1697.0,176023.232788,234902.36
1698.0,202202.073342,434769.22
1700.0,183982.158993,312300.75
1702.0,185922.966764,431939.94
1703.0,183978.544875,396835.6
1704.0,177199.618639,493108.84
1705.0,181878.647957,371531.12
1706.0,173622.088728,1085738.4
1708.0,176477.026606,309338.34
1709.0,184282.266698,365214.78
1710.0,162062.475384,248658.5
1711.0,182550.070992,356197.06
1712.0,180987.949625,387302.2
1713.0,178173.797621,341702.38
1714.0,179980.635949,241559.64
1715.0,173257.637826,251365.12
1716.0,177271.291059,297747.78
1717.0,175338.355442,254206.42
1719.0,175969.916629,280345.88
1720.0,175011.481953,578506.8
1721.0,185199.372568,253947.14
1723.0,185080.145269,243596.83
1724.0,157304.402574,272381.1
1725.0,194260.859481,210144.84
1726.0,181262.329995,150096.4
1727.0,157003.292707,159369.55
1728.0,182924.49936,261396.33
1730.0,188985.371708,441841.62
1731.0,185290.904495,193683.14
1736.0,179069.112235,217239.23
1739.0,167350.910825,182734.3
1742.0,155412.151845,165492.58
1743.0,171308.313985,190921.64
1745.0,177643.434992,294745.16
1746.0,187222.653265,161299.67
1748.0,206492.534216,170787.9
1749.0,181681.021082,101589.76
1750.0,180500.198073,102159.766
1752.0,161334.301195,98736.86
1753.0,176156.558314,162694.11
1754.0,191642.223479,181885.67
1756.0,164146.306037,227137.98
1757.0,179883.057071,162715.53
1760.0,174559.656173,123412.13
1761.0,182347.363042,126163.1
1763.0,199751.865597,160715.27
1764.0,162106.416145,131880.3
1765.0,164575.982314,164893.14
1766.0,179176.352181,188703.81
1767.0,177327.403858,280696.88
1768.0,177818.083762,217305.53
1770.0,178762.742169,179719.84
1771.0,183322.866146,83413.375
1772.0,178903.295932,125657.45
1773.0,186570.129422,149573.98
1774.0,199144.242829,179842.08
1775.0,172154.713311,167861.94
1776.0,177444.019202,125237.3
1777.0,166200.938073,94401.91
1778.0,158995.770556,170195.1
1779.0,168273.282455,235055.64
1780.0,189680.453053,179790.64
1781.0,181681.021082,168641.61
1782.0,160277.142644,122060.56
1783.0,197318.547158,117281.89
1784.0,162228.935604,60443.152
1785.0,187340.455456,93717.66
1786.0,181065.347037,111829.12
1787.0,190233.609103,197472.12
1789.0,168557.001935,135027.06
1790.0,160805.584646,76110.44
1791.0,221648.391978,375380.06
1792.0,180539.880798,188153.58
1793.0,182105.616284,54562.215
1794.0,166380.852603,175562.66
1795.0,178942.155617,174677.03
1796.0,162804.7478,133529.83
1797.0,183077.684393,112044.12
1798.0,171728.472029,123666.266
1799.0,164786.741541,86833.93
1800.0,177427.26717,123186.836
1801.0,197318.547158,95136.87
1802.0,178658.114178,102762.95
1803.0,185437.320524,176660.9
1804.0,169759.65249,134309.4
1805.0,173986.635055,153946.84
1806.0,168607.664289,109605.19
1807.0,194138.519145,111219.58
1808.0,192502.440922,73353.59
1810.0,177604.891703,103604.8
1813.0,169071.620258,54196.6
1814.0,167398.006471,124079.734
1815.0,150106.505142,80875.24
1816.0,159650.304286,137345.06
1817.0,179471.235975,72119.66
1818.0,177109.589956,82347.68
1819.0,166558.113328,71124.82
1821.0,174520.152571,105285.82
1822.0,196297.958295,123108.97
1825.0,169234.645483,118448.305
1826.0,172386.297919,83310.02
1827.0,156031.904802,58258.082
1828.0,168202.892307,124747.26
1829.0,166505.984018,130837.03
1830.0,176507.370221,90126.53
1831.0,180116.752553,102020.54
1833.0,189595.964678,147414.39
1836.0,172942.930813,70968.44
1838.0,176468.653371,79332.305
1839.0,159040.069562,75624.945
1842.0,189786.685275,57900.55
1843.0,181246.728524,136767.08
1845.0,205266.631009,236914.34
1846.0,187397.993362,246268.08
1850.0,161718.71259,142595.78
1851.0,180084.118941,151373.48
1852.0,178534.950802,142906.19
1853.0,151217.259961,83457.77
1854.0,156342.717588,245436.2
1855.0,188511.443835,113104.38
1856.0,183570.337897,199618.36
1857.0,225810.160292,226216.22
1858.0,214217.401132,282739.25
1859.0,187665.641016,172258.45
1860.0,161157.177744,180724.95
1861.0,187643.992594,200518.17
1865.0,156647.763532,307255.25
1866.0,187388.833375,356778.75
1867.0,178640.723792,245859.06
1868.0,180847.216739,411521.72
1869.0,159505.170529,228720.88
1870.0,164305.538021,267869.9
1871.0,180181.196737,244491.7
1872.0,184602.73499,171997.61
1874.0,184199.78821,218378.14
1875.0,196241.892908,225848.69
1876.0,175588.618271,208634.0
1877.0,179503.046547,254004.06
1878.0,183658.076583,198865.16
1880.0,165399.624507,135160.16
1881.0,186847.944787,327899.47
1885.0,178298.791762,232704.55
1887.0,180008.188485,215187.78
1888.0,175127.596216,342684.66
1889.0,183467.176863,167452.47
1890.0,182705.546022,87515.15
1891.0,152324.943593,173226.12
1892.0,169878.515981,111943.93
1893.0,183735.975077,102286.01
1895.0,169355.202465,102655.21
1896.0,180054.276407,97307.375
1897.0,174081.601977,80027.75
1898.0,168494.985022,116415.26
1899.0,181871.598843,135780.4
1900.0,173554.489658,81300.72
1901.0,169805.382166,182853.02
1902.0,176192.990729,111583.88
1904.0,169630.906957,87945.945
1905.0,185724.838807,203092.44
1906.0,195699.036282,78633.6
1907.0,189494.276162,200273.55
1908.0,149607.905673,91418.09
1909.0,154650.199046,66482.91
1910.0,151579.55814,80683.73
1913.0,210802.395364,192007.72
1914.0,166271.286373,48305.062
1915.0,154865.359143,297140.72
1916.0,173575.505286,35798.168
1917.0,179399.563554,188877.38
1918.0,164280.776562,176405.34
1919.0,171247.489481,126901.6
1920.0,166878.587182,147764.86
1921.0,188129.459711,577165.56
1922.0,183517.343697,308920.9
1924.0,190060.105331,294890.78
1925.0,174179.824772,239881.28
1926.0,171059.523675,456563.34
1927.0,183004.186769,147926.02
1928.0,183601.647387,141507.83
1929.0,163539.327186,121817.87
1930.0,164677.676392,90501.72
1931.0,162395.073865,159440.1
1932.0,182207.632319,215706.8
1933.0,192223.93979,138011.27
1934.0,176391.82939,174730.0
1935.0,181913.179121,150431.44
1936.0,179136.097888,176137.38
1938.0,194822.365691,149014.44
1939.0,148356.669441,190194.0
1940.0,160387.604264,159509.14
1941.0,181276.500572,156857.77
1943.0,157699.907796,214859.69
1944.0,215785.540813,324874.28
1945.0,181824.300999,416384.12
1947.0,165281.292597,504258.4
1949.0,173154.590991,226329.28
1951.0,200210.353608,195039.95
1952.0,186599.221265,198304.56
1953.0,192718.532696,217233.22
1954.0,178628.665953,96092.76
1955.0,180650.342418,218030.83
1957.0,166457.678449,150202.94
1959.0,192463.969983,226184.94
1960.0,171775.49719,130289.91
1961.0,175249.222149,152256.66
1962.0,147086.59894,59000.883
1963.0,149709.6721,99682.05
1964.0,171411.404534,86931.375
1965.0,178188.964799,91446.43
1966.0,156491.711373,105036.91
1967.0,180953.241201,376298.72
1968.0,203909.759061,730782.44
1969.0,175470.149088,465529.6
1970.0,205578.333622,513870.66
1971.0,199428.857699,496903.84
1972.0,187599.163869,348395.34
1973.0,192265.19811,254572.27
1974.0,196666.554898,318303.34
1975.0,155537.862253,561209.9
1976.0,169543.240621,326098.22
1977.0,202487.010171,493423.56
1978.0,208232.716273,415952.3
1979.0,173621.195203,367743.06
1980.0,172414.608572,354165.72
1981.0,164400.756416,390759.22
1982.0,160480.424025,271722.1
1983.0,156060.85381,231850.81
1984.0,157437.192821,231782.72
1987.0,152186.609342,149189.9
1988.0,180340.215399,156670.89
1991.0,168092.975481,371801.22
1992.0,178757.912567,170996.52
1994.0,198168.490116,189863.44
1995.0,176882.693979,187895.19
1996.0,183801.672896,320688.8
1998.0,172281.605004,478493.88
1999.0,196380.366297,262096.27
2001.0,195556.581269,304927.28
2002.0,186453.264469,320296.66
2003.0,181869.381196,274049.7
2004.0,175610.840124,417899.8
2006.0,179584.488673,245197.81
2007.0,182386.152242,252654.77
2008.0,160750.367237,187903.61
2009.0,182477.505046,204452.36
2010.0,187720.359207,232582.08
2012.0,176385.102235,228344.27
2013.0,175901.787841,205470.34
2014.0,182584.280198,208790.84
2015.0,195664.686104,164716.48
2016.0,181420.346494,228946.1
2017.0,176676.049952,198568.38
2018.0,181594.678867,180465.06
2019.0,178521.747965,188100.66
2020.0,175895.883726,177721.1
2021.0,168468.005916,187791.11
2022.0,200973.129448,253654.03
2023.0,197030.641992,97850.27
2025.0,196449.247639,461783.94
2026.0,141684.196399,174722.67
2027.0,153353.334124,148633.64
2028.0,151143.549017,139216.06
2029.0,163753.087114,150200.36
2032.0,160144.390549,319787.88
2033.0,156286.534304,296272.03
2034.0,165726.70762,170082.48
2035.0,182427.481047,267018.53
2036.0,173310.56154,198412.78
2037.0,173310.56154,178055.3
2038.0,151556.01403,208769.34
2039.0,158908.146069,425834.2
2041.0,192410.516551,283434.2
2044.0,200918.018812,139251.12
2046.0,196149.783852,205013.5
2047.0,192097.91485,187060.77
2048.0,178570.948924,148800.58
2049.0,228617.968325,404451.8
2051.0,160206.365613,122048.93
2052.0,179854.431886,88473.23
2054.0,161122.505608,115772.664
2055.0,175949.34272,97829.19
2056.0,183683.590595,113571.11
2057.0,176401.347623,146710.62
2058.0,205832.532528,164334.42
2059.0,177799.799849,92505.32
2060.0,167565.36208,210071.5
2061.0,186348.958437,263037.28
2062.0,179782.759465,164333.33
2063.0,169837.623333,132883.6
2064.0,178817.275676,166979.95
2066.0,192834.968917,155101.89
2067.0,196564.717985,87094.84
2068.0,206977.567039,309729.2
2069.0,157054.253944,153905.73
2070.0,175142.948079,76414.88
2071.0,159932.164365,110184.86
2072.0,182801.408334,80445.55
2073.0,181510.375177,150877.7
2074.0,181613.035129,114546.81
2076.0,157950.170625,112866.69
2077.0,176115.159023,241813.88
2078.0,182744.514344,187491.02
2079.0,180660.683692,156035.67
2080.0,160775.629777,145855.72
2081.0,186711.715848,137258.11
2083.0,172330.943237,59571.703
2084.0,163474.633393,150472.19
2085.0,175308.2633,216390.44
2086.0,187462.725306,164947.1
2087.0,180655.101535,159079.22
2088.0,152121.986035,37007.473
2089.0,159856.23391,115094.32
2090.0,186559.854937,120803.15
2092.0,162107.168699,51367.246
2093.0,162582.288981,19625.133
2095.0,181625.666399,224575.69
2096.0,164810.609474,148356.36
2098.0,179188.089925,110691.67
2099.0,145997.635378,56919.773
2101.0,188323.861214,45859.445
2102.0,168690.072291,134918.42
2103.0,165088.746798,85312.19
2104.0,191435.007885,145664.45
2106.0,176041.882372,23640.19
2107.0,215911.67439,231602.86
2108.0,167388.238629,134184.7
2109.0,163854.786753,133940.77
2110.0,163299.47798,90255.81
2113.0,170211.043977,84892.75
2114.0,170818.344786,65039.703
2115.0,174388.867433,146113.0
2116.0,161112.987375,78325.55
2117.0,172179.082325,125095.37
2118.0,157798.309714,153841.17
2119.0,169106.151423,144999.45
2120.0,170129.531364,22539.607
2122.0,162690.209132,80343.266
2124.0,181507.721372,105408.695
2125.0,191215.589753,198097.03
2126.0,189432.689845,55869.17
2128.0,170030.807488,80113.12
2130.0,193850.613979,91682.81
2131.0,193808.319298,102594.92
2133.0,163474.633393,117048.805
2134.0,177473.606565,104779.78
2135.0,157443.925537,108872.51
2137.0,183463.1703,123210.92
2139.0,193717.151179,167000.5
2140.0,182782.55099,119381.86
2144.0,181338.976718,337689.88
2145.0,178553.558537,167816.16
2146.0,162820.928265,234927.23
2148.0,164682.185899,120160.4
2150.0,199158.097009,195229.58
2151.0,152889.520991,97192.27
2153.0,181416.732376,165542.78
2155.0,185421.046499,118251.35
2157.0,178824.324789,298682.88
2159.0,177801.266806,210754.97
2160.0,179053.762236,150164.12
2161.0,178762.170602,261747.06
2162.0,184655.300458,479568.8
2163.0,191284.65578,475588.62
2166.0,182873.903794,246914.1
2169.0,179184.153849,162557.78
2170.0,184365.175781,209322.38
2173.0,178611.639374,116818.74
2177.0,198422.868145,224982.56
2178.0,184482.113083,204284.55
2180.0,169233.113602,252946.0
2181.0,180664.118687,231952.77
2182.0,178818.742633,332856.4
2183.0,180422.04997,214258.92
2184.0,178601.936456,108367.93
2185.0,183083.159776,65832.67
2186.0,173163.1015,168601.08
2188.0,171226.050683,113721.54
2195.0,165830.697255,131259.7
2196.0,182138.358533,97671.55
2197.0,171595.397976,109801.875
2198.0,160337.079184,200489.48
2199.0,191215.088672,613969.56
2200.0,166956.093232,103562.22
2201.0,186581.830879,113359.88
2202.0,176450.548582,93885.57
2206.0,162447.639334,45614.4
2207.0,193782.555677,203950.12
2208.0,183653.890897,168175.69
2209.0,210578.623547,210217.2
2210.0,158527.164107,75758.7
2211.0,163081.025723,81568.336
2212.0,174388.867433,122302.695
2214.0,174388.867433,97750.29
2215.0,161642.711649,94017.01
2216.0,186939.507215,130243.695
2217.0,172482.165793,200666.61
2218.0,159695.999764,95163.91
2219.0,157230.369671,30474.572
2220.0,179188.089925,43322.23
2221.0,157972.82121,315227.2
2222.0,156804.951429,268347.28
2225.0,200468.161071,174759.67
2226.0,182241.340444,237647.97
2227.0,157342.225898,240515.8
2228.0,182022.387106,381816.53
2229.0,181244.510877,371274.0
2230.0,178556.671574,272084.88
2231.0,189547.199876,279376.25
2232.0,187948.651656,250203.27
2233.0,194107.287566,123776.47
2234.0,183521.710369,364405.2
2236.0,178483.353073,428245.16
2237.0,184003.879765,802560.06
2238.0,171318.590334,283581.25
2240.0,154846.252191,188168.47
2241.0,194822.365691,110654.09
2243.0,178891.55449,124941.56
2244.0,152084.772429,93906.25
2245.0,139169.866429,68870.305
2248.0,158762.648505,126711.5
2249.0,175569.690442,139746.81
2250.0,183659.795012,160564.67
2252.0,180051.809152,209392.45
2253.0,176519.180316,140693.98
2256.0,180081.50885,122721.79
2257.0,205895.254585,215367.22
2260.0,194798.320499,147098.69
2261.0,162845.613676,179852.03
2262.0,148103.867007,215549.48
2263.0,201016.171121,415204.84
2264.0,277936.126944,969078.1
2265.0,249768.279823,427293.8
2266.0,161596.05216,315824.2
2267.0,158011.11489,850370.25
2268.0,194089.683858,413780.22
2270.0,182852.327722,148066.73
2271.0,189893.003058,258674.42
2272.0,194650.21098,205121.66
2273.0,187904.461286,165875.28
2274.0,171774.925623,167439.05
2275.0,177998.685921,158106.4
2276.0,175648.484325,253206.19
2277.0,196918.071362,189392.53
2278.0,184299.838071,101966.84
2279.0,182379.855683,57128.71
2281.0,158296.97597,100082.875
2282.0,175053.355553,137376.75
2283.0,162293.376091,81739.34
2284.0,186328.880047,91729.43
2285.0,151422.116937,145284.17
2286.0,181969.358708,191605.3
2287.0,189122.677024,357945.3
2288.0,185645.47522,236889.05
2289.0,182829.898109,625364.75
2290.0,195848.788183,464732.03
2291.0,198785.059551,299710.94
2292.0,181676.126555,601882.44
2293.0,194131.012663,633485.0
2294.0,201416.004865,423373.8
2295.0,185096.577206,564363.56
2296.0,195158.972598,547254.06
2297.0,184795.783735,234460.56
2298.0,189168.263865,384855.2
2299.0,216855.260149,443256.34
2300.0,184946.642484,363646.66
2302.0,180803.277842,292742.47
2303.0,175061.185858,273210.72
2304.0,179074.839091,307514.7
2305.0,145708.764336,274984.3
2306.0,142398.022752,292712.03
2307.0,161474.534864,255113.5
2308.0,157025.945155,240290.66
2309.0,163424.037827,278092.6
2310.0,164692.778645,228533.36
2311.0,152163.244354,282640.6
2313.0,182520.230322,154376.0
2314.0,187254.50755,197931.61
2315.0,176489.65974,142108.83
2316.0,181520.466841,138532.53
2317.0,186414.978215,197933.86
2318.0,185197.76464,155623.88
2319.0,178657.794084,159081.95
2320.0,179731.198024,183134.16
2322.0,158608.749069,141760.55
2323.0,178807.37056,223323.72
2324.0,184187.158804,156581.56
2325.0,181686.104021,237009.48
2327.0,192252.496354,168535.97
2329.0,181044.201561,166983.78
2330.0,180258.13122,177890.67
2331.0,199641.657314,468112.2
2332.0,197530.775206,305477.97
2333.0,191777.196949,309250.75
2334.0,195779.543034,214830.19
2335.0,202112.046523,209495.31
2336.0,192343.348077,291871.88
2337.0,185191.359443,339481.0
2338.0,186760.207966,411902.97
2339.0,177733.781935,250586.3
2340.0,164430.39119,506176.5
2342.0,186414.012339,336152.72
2343.0,176401.921055,266483.28
2344.0,182381.32264,268458.88
2345.0,176334.184711,306489.97
2346.0,184901.735847,252355.69
2347.0,180085.766885,220967.08
2348.0,184901.735847,251800.36
2349.0,183967.561549,239244.77
2351.0,168538.969496,204867.7
2352.0,170157.842017,288356.5
2353.0,196559.70926,175715.25
2356.0,185770.606635,183198.97
2357.0,177017.595099,237052.66
2359.0,165970.357492,150939.58
2360.0,158151.985049,166919.61
2361.0,177086.476441,252093.73
2363.0,172465.707083,116656.65
2364.0,168590.78241,120634.375
2365.0,158820.474171,227031.0
2366.0,151611.370577,247016.31
2367.0,152125.028586,233810.12
2368.0,158404.073081,236318.17
2370.0,170175.226842,137681.05
2371.0,169854.436591,137314.67
2372.0,183410.785819,224252.52
2374.0,178930.528374,201670.94
2375.0,153346.220086,358984.9
2376.0,182675.204271,455973.28
2377.0,180770.649792,468833.25
2378.0,188714.148088,145262.84
2379.0,191393.608594,279058.03
2381.0,183189.68532,199978.67
2382.0,183621.508758,250095.44
2383.0,168991.296358,192422.36
2384.0,185306.650666,213125.84
2385.0,189030.680303,172711.8
2386.0,179208.665698,111412.79
2387.0,174901.452793,79210.74
2389.0,158234.964619,75899.07
2391.0,174176.391641,123396.37
2392.0,173931.531845,154160.02
2393.0,184111.72943,167069.0
2394.0,179374.482001,123010.27
2395.0,207348.811885,123026.58
2398.0,177472.074684,115398.766
2401.0,160387.032697,52914.89
2402.0,172410.280051,93730.89
2403.0,191603.365657,236395.7
2405.0,180161.697341,204242.67
2406.0,169652.235284,192425.67
2407.0,182503.52014,152802.88
2408.0,179714.630677,157084.11
2409.0,180282.57072,121482.94
2410.0,192600.33806,171067.95
2411.0,166115.491249,190936.94
2412.0,186379.553524,115687.57
2413.0,184361.992258,198433.6
2414.0,186220.965458,91260.43
2415.0,198176.470907,395584.12
2416.0,168437.7765,190140.67
2417.0,178003.582312,220400.72
2418.0,179180.469245,142655.64
2419.0,191930.561105,111368.49
2420.0,175590.266215,91876.43
2421.0,176713.193072,109754.45
2425.0,223055.588672,210919.84
2426.0,158270.753116,71479.84
2428.0,199926.378957,157207.3
2429.0,175075.785166,135577.0
2430.0,180917.925148,206158.9
2431.0,182067.760625,116514.78
2433.0,173454.944607,122810.305
2434.0,176821.936263,130580.87
2435.0,183642.191304,197679.2
2436.0,177254.582741,358143.38
2437.0,168715.950112,171708.67
2438.0,180096.931198,116568.35
2439.0,160620.728179,74793.086
2440.0,175286.544392,144141.33
2441.0,153494.783276,21792.596
2442.0,156407.659155,63509.98
2443.0,162162.525246,156881.11
2444.0,166809.886827,146143.39
2445.0,172929.156409,48495.79
2446.0,193514.330894,149631.62
2448.0,191745.386377,112544.445
2449.0,171369.325038,52014.246
2450.0,184425.470567,114643.09
2451.0,170563.252355,99401.24
2452.0,184522.36924,84762.51
2453.0,164968.947931,198370.39
2454.0,157939.621592,210299.81
2455.0,151520.38158,38381.734
2456.0,176129.508723,138730.06
2457.0,171112.978971,33171.29
2458.0,169762.081624,131621.47
2459.0,162246.828936,95091.15
2461.0,189034.753654,114448.54
2462.0,175758.873596,129657.75
2463.0,163351.72149,82198.13
2464.0,189806.546645,133010.39
2465.0,175370.990918,101796.52
2466.0,196895.5999,110075.42
2468.0,176866.557228,44183.3
2469.0,163590.67717,59233.5
2470.0,212693.502958,221711.36
2471.0,192686.931748,165322.69
2472.0,181578.684952,131496.25
2473.0,166475.457582,42640.293
2474.0,185998.255166,11078.92
2475.0,185527.714878,166349.58
2476.0,159027.118198,137017.47
2477.0,181169.654934,167830.89
2478.0,176732.915305,110490.54
2479.0,191619.294649,141863.33
2480.0,189114.303789,177000.88
2482.0,164573.372223,129461.79
2483.0,173902.01127,122955.266
2486.0,196899.720662,151313.45
2487.0,207566.124704,89773.625
2488.0,163899.981149,158533.25
2489.0,189179.428178,211286.25
2490.0,193892.880023,239709.98
2495.0,185249.261157,106005.29
2496.0,201691.208275,117195.69
2497.0,181956.548315,153841.17
2498.0,171895.936276,173522.6
2500.0,157816.774613,100615.93
2501.0,191702.912573,151427.2
2502.0,198599.420029,135828.08
2503.0,187193.313676,31206.957
2504.0,220514.994,300536.7
2505.0,181814.527595,174137.45
2506.0,183750.755372,266241.97
2507.0,183000.43168,312945.94
2508.0,185830.971907,284515.8
2509.0,185497.872344,222123.62
2510.0,179613.437681,236385.34
2511.0,164454.967964,183074.97
2512.0,185127.237218,201127.0
2514.0,160927.610449,915912.75
2516.0,180990.241486,132827.84
2517.0,180064.941503,163274.34
2518.0,196070.997394,201048.58
2519.0,180352.919019,149382.95
2520.0,183367.953769,154709.52
2521.0,176734.841494,179479.02
2523.0,187806.059369,95916.05
2524.0,180521.5264,104588.3
2525.0,181502.754496,187476.89
2526.0,174525.879427,76892.83
2527.0,188927.984063,76711.695
2528.0,184728.870431,86286.7
2529.0,179857.975518,38102.77
2530.0,180962.868072,104265.13
2532.0,179591.789259,192678.34
2533.0,180638.463703,169368.34
2534.0,185846.215132,149613.08
2537.0,164200.595497,221079.42
2538.0,178403.094097,169946.28
2539.0,170774.840183,180670.16
2540.0,179879.945898,163545.2
2541.0,177668.192753,160454.31
2542.0,180174.328611,131985.73
2543.0,170643.303572,94180.875
2544.0,165448.00429,133774.67
2545.0,195531.754886,46709.34
2546.0,165314.177682,109191.73
2547.0,172532.757661,57907.562
2549.0,175090.062516,154159.14
2550.0,230841.338626,146211.83
2551.0,155225.190066,150031.72
2552.0,168322.342442,191284.69
2555.0,171070.367894,91797.43
2556.0,166285.243628,84041.06
2557.0,182875.801347,123030.336
2559.0,174378.777632,99698.97
2560.0,164731.316372,130943.13
2561.0,156969.695083,97284.55
2562.0,173388.854343,116468.56
2563.0,177559.628685,135565.38
2564.0,194297.78928,133993.66
2565.0,174894.588364,112413.48
2566.0,196544.144076,62038.652
2567.0,179036.158528,100926.34
2570.0,159233.941347,68954.555
2572.0,140196.109798,127404.12
2574.0,186818.610761,51935.24
2575.0,175044.797634,97149.19
2578.0,159638.856166,77157.266
2579.0,154287.264376,47385.984
2581.0,177503.378613,54811.926
2582.0,166548.31685,95546.21
2583.0,164475.149429,343812.72
2585.0,188683.160555,177927.48
2586.0,162243.399503,261846.92
2589.0,163438.959094,144606.02
2590.0,161495.539368,285442.03
2591.0,216032.303722,354899.75
2592.0,176632.181541,309547.0
2594.0,183810.118481,195772.7
2596.0,169136.430114,578877.1
2599.0,190550.327867,412509.16
2600.0,234707.20986,560303.94
2601.0,135751.318893,256582.6
2602.0,164228.458869,68175.33
2605.0,163883.229118,54569.55
2606.0,154892.77627,98201.4
2608.0,228148.376399,135585.8
2609.0,178680.587504,134350.27
2611.0,222406.64266,177062.0
2613.0,170871.094939,150210.95
2614.0,189562.873697,164751.52
2616.0,172934.351683,142724.22
2619.0,183035.606761,147257.72
2620.0,178378.906069,183312.56
2622.0,181419.525318,125255.81
2623.0,196858.923438,207151.8
2624.0,189228.701486,218987.95
2625.0,208973.380761,579016.8
2627.0,159488.713684,234602.6
2628.0,191490.299508,322740.75
2629.0,228684.245138,417707.34
2630.0,201842.9987,344298.97
2631.0,209242.822892,706876.2
2632.0,202357.622585,521163.12
2633.0,168238.612183,437008.16
2634.0,202524.124654,567920.56
2636.0,198375.31513,196558.8
2638.0,181991.079479,274141.2
2639.0,183994.542518,173696.94
2640.0,182951.482194,210843.42
2641.0,174126.297156,150759.75
2642.0,170575.496743,162583.22
2643.0,175332.23987,101698.71
2644.0,167522.061539,46371.93
2645.0,168095.583739,85981.87
2646.0,154406.415627,75145.13
2647.0,170996.973346,97582.08
2648.0,159056.890246,104608.445
2649.0,181373.616519,147342.14
2650.0,152272.560976,145674.45
2651.0,168664.346821,96787.79
2652.0,211007.008292,526894.75
2653.0,182909.515033,288472.84
2654.0,203926.829353,395191.97
2655.0,179082.825443,410215.72
2656.0,206260.099795,378396.75
2657.0,181732.443416,276948.97
2659.0,203074.34679,297016.06
2660.0,201670.634366,274102.5
2661.0,173756.81259,360243.22
2662.0,181387.076391,365324.84
2664.0,158313.615667,233439.16
2665.0,151951.95541,303806.28
2666.0,162537.527045,277063.38
2667.0,178998.337068,171046.42
2668.0,186732.584943,182906.03
2669.0,187323.318406,208024.06
2670.0,199437.232798,256204.1
2671.0,185546.680859,163265.94
2672.0,161595.015799,139103.0
2675.0,155919.014078,108739.69
2676.0,182424.870956,170484.4
2679.0,177862.778941,265886.22
2680.0,182056.024745,246176.27
2682.0,196264.75498,376303.38
2683.0,209375.00342,711262.1
2686.0,182242.809265,293467.28
2688.0,188108.243749,388984.94
2689.0,171418.640196,253243.12
2690.0,194698.88222,718527.75
2691.0,174841.840075,200856.36
2693.0,189386.323677,326752.28
2695.0,176412.012719,237322.75
2696.0,174976.489723,228263.7
2697.0,180718.581708,248468.86
2698.0,186131.188248,161402.62
2699.0,165220.786354,189629.11
2700.0,164115.8938,160916.8
2702.0,182285.140233,204835.08
2703.0,196325.44221,386956.62
2706.0,185425.485521,199426.17
2711.0,185948.625476,365030.22
2712.0,189388.291715,421732.1
2713.0,142754.489166,184761.58
2714.0,156106.800761,132990.98
2717.0,185157.832306,283733.28
2718.0,180716.291711,196537.05
2719.0,176901.093954,145481.2
2720.0,181017.222455,190555.11
2721.0,183269.159408,131323.69
2722.0,193550.830097,94232.89
2723.0,170625.8427,117361.89
2724.0,182012.405943,142336.02
2726.0,183269.159408,211314.67
2727.0,180589.836175,152412.97
2729.0,196053.029878,124940.97
2730.0,183421.020319,213724.64
2731.0,167926.839084,133644.61
2732.0,168027.530998,124160.7
2733.0,182164.266854,150126.75
2734.0,172469.071593,93020.625
2735.0,181059.3743,162956.7
2736.0,182997.570116,128930.99
2737.0,166140.50418,85245.414
2740.0,173550.025728,233025.67
2741.0,176487.943175,106448.09
2743.0,178531.911979,201419.92
2744.0,182145.731469,179180.08
2745.0,179196.465024,139184.73
2746.0,169618.349901,85235.17
2747.0,170010.168655,201366.72
2748.0,181739.671652,154402.05
2749.0,172846.934956,138493.05
2750.0,195560.883017,218606.94
2751.0,180358.114293,143761.75
2752.0,211817.702818,130318.24
2753.0,176170.128687,224117.4
2754.0,234492.248264,354665.6
2755.0,182450.956536,200983.2
2756.0,174902.068073,64275.777
2757.0,173684.174294,29995.441
2758.0,147196.673678,33913.88
2759.0,175231.18971,89794.43
2760.0,193417.647406,87808.664
2761.0,183313.60125,149433.11
2762.0,180882.250849,110570.02
2763.0,186735.69798,173212.1
2764.0,172922.865411,134284.3
2766.0,190485.634074,190048.58
2767.0,173439.493622,227902.19
2769.0,178152.259701,143964.39
2770.0,174519.904826,209425.0
2771.0,172627.796933,175749.11
2773.0,209219.844787,74451.28
2774.0,181059.3743,183940.38
2775.0,188515.443002,57200.453
2776.0,182164.266854,150338.94
2777.0,188137.901598,240023.16
2778.0,158893.543063,92363.66
2779.0,189579.650668,142312.12
2780.0,165229.803506,111071.82
2781.0,162186.07122,172825.33
2782.0,166374.879866,121961.55
2783.0,161665.184975,65680.48
2784.0,175079.328798,214106.75
2785.0,203840.874021,150817.56
2786.0,152129.078861,61909.926
2787.0,181012.14138,180553.55
2788.0,161305.535038,79082.42
2789.0,203326.392972,152183.64
2791.0,183564.36516,162690.55
2793.0,171989.192194,118323.55
2794.0,180839.956168,36411.562
2795.0,170895.923186,42291.4
2796.0,174071.054809,46570.434
2797.0,259423.859148,519289.75
2798.0,188000.82468,31250.557
2799.0,179171.703565,90668.62
2801.0,174126.297156,99546.38
2802.0,187625.573272,90443.734
2803.0,199567.946369,453580.53
2804.0,205328.078219,227002.86
2805.0,166231.535025,169424.89
2806.0,154743.916061,148737.86
2807.0,159714.537013,365795.5
2809.0,171500.796725,183928.61
2810.0,180983.443845,110909.98
2814.0,218200.642128,429733.1
2817.0,160192.453935,294168.9
2818.0,171289.393582,143897.12
2820.0,181721.458226,87325.39
2821.0,172725.053852,70230.25
2822.0,222438.699143,185212.33
2823.0,235419.373449,688310.7
2824.0,185150.926028,348564.84
2825.0,184772.239625,204035.92
2826.0,180658.216436,151558.39
2827.0,209673.316647,156569.31
2828.0,205939.810626,122831.97
2829.0,165633.573326,340154.1
2830.0,186030.317211,346238.4
2831.0,160312.319589,155145.69
2832.0,190702.440251,305613.75
2833.0,175122.810327,256371.52
2834.0,183783.139375,191034.38
2835.0,178290.666302,232871.94
2836.0,181605.343963,160973.12
2837.0,187992.451445,72571.77
2838.0,188885.117815,157915.94
2839.0,189959.344795,138601.66
2841.0,181518.750276,156882.75
2842.0,193008.659237,190994.48
2843.0,186313.893856,111081.14
2844.0,181499.391851,89702.93
2845.0,174126.297156,171685.75
2847.0,184114.270899,148226.95
2849.0,197034.759056,196079.12
2850.0,185170.284453,206352.45
2852.0,184306.637576,226928.4
2853.0,199792.302741,161103.36
2854.0,143237.80356,128965.92
2855.0,177294.838898,223227.89
2856.0,182368.620884,174680.19
2857.0,176487.943175,168950.52
2858.0,183849.408762,188842.8
2859.0,184964.141507,40715.363
2861.0,188374.93665,91498.42
2862.0,176261.296806,160898.53
2864.0,180618.032629,232943.9
2865.0,161647.329794,147673.02
2866.0,167129.598868,100208.375
2867.0,174750.988353,64938.617
2868.0,177560.202116,31732.059
2869.0,192577.796113,106749.01
2870.0,199202.898961,60462.926
2872.0,148217.262541,14729.88
2873.0,188997.797082,92073.96
2874.0,185807.928878,95507.49
2875.0,177030.477842,125496.86
2876.0,175942.474594,164320.33
2877.0,172912.518576,157442.25
2878.0,198359.248865,158865.16
2879.0,184379.133036,108695.1
2880.0,194255.566949,187189.25
2881.0,209449.651603,221512.06
2882.0,169979.323958,137831.86
2883.0,188206.281859,113634.055
2884.0,186412.438609,129971.586
2885.0,196761.38641,142175.66
2886.0,208353.269558,164546.61
2887.0,166548.067241,89062.17
2888.0,175942.474594,81961.97
2890.0,160515.850579,63945.68
2891.0,192167.621096,145949.52
2895.0,156887.932862,281554.78
2896.0,164185.777306,319069.53
2897.0,212992.120631,246377.55
2898.0,197468.550533,347035.1
2899.0,180106.84374,221120.11
2900.0,183972.071057,233260.23
2903.0,195596.307707,494475.94
2904.0,189369.75633,553788.9
2905.0,223667.404552,179592.03
2906.0,169335.310624,357972.28
2907.0,167411.028352,77740.18
2908.0,187709.555004,136825.52
2911.0,165086.775062,41438.34
2912.0,188506.431412,109790.67
2913.0,172917.456816,88867.45
2916.0,164788.778231,68912.22
2917.0,219222.4234,314430.03
2919.0,187741.866657,209587.84
